C,SETP.WORLD,DVD_NETWORK_OUTAGESTATUSCODE,AEMO,PUBLIC_OUTAGE_STATUS_CODE,DESCRIPTION,LASTCHANGED,1.74001E+12,MONTHLY_ARCHIVE,1.74001E+12
I,NETWORK,OUTAGESTATUSCODE,1,COMPLETE,Completed,1/4/2012 0:00,,,
D,NETWORK,OUTAGESTATUSCODE,1,INFO,Information,1/4/2012 0:00,,,
D,NETWORK,OUTAGESTATUSCODE,1,MTLTP,Medium term timeframe likely to proceed,1/4/2012 0:00,,,
D,NETWORK,OUTAGESTATUSCODE,1,PDLTP,Predispatch timeframe likely to proceed,1/4/2012 0:00,,,
D,NETWORK,OUTAGESTATUSCODE,1,PTP,Permission to Proceed,1/4/2012 0:00,,,
D,NETWORK,OUTAGESTATUSCODE,1,PTR,Permission to Restore,1/4/2012 0:00,,,
D,NETWORK,OUTAGESTATUSCODE,1,RESUBMIT,Resubmitted,1/4/2012 0:00,,,
D,NETWORK,OUTAGESTATUSCODE,1,STLTP,Short term timeframe likely to proceed,1/4/2012 0:00,,,
D,NETWORK,OUTAGESTATUSCODE,1,SUBMIT,Submitted,1/4/2012 0:00,,,
D,NETWORK,OUTAGESTATUSCODE,1,UTP,Unlikely to proceed,1/4/2012 0:00,,,
D,NETWORK,OUTAGESTATUSCODE,1,WD REQ,Withdraw Request,1/4/2012 0:00,,,
D,NETWORK,OUTAGESTATUSCODE,1,WDRAWN,Withdrawn,1/4/2012 0:00,,,
C,END OF REPORT,15,,,,,,,
